18;nom;prenom;genre;date_n;lieu_n;date_d;lieu_d;nom_p;prenom_p;nom_m;prenom_m
1;lambert;marie;f;16/11/1846;moreuil;;;lambert;cyr;thibault;eugénie
1;lambert;jules;m;21/11/1847;moreuil;;;lambert;cyr;thibault;eugénie
2;thibault;etienne;m;30/1/1822;moreuil;20/11/1835;moreuil;thibault;pierre;grenot;marie
2;thibault;eugénie;f;7/11/1824;moreuil;22/9/1897;moreuil;thibault;pierre;grenot;marie
2;lambert;cyr;m;9/4/1823;grattepanche;;;lambert;jean-baptiste;dubuisson;marie
2;thibault;pierre;m;9/8/1826;moreuil;;;thibault;pierre;grenot;marie
2;thibault;jules;m;16/10/1927;moreuil;11/7/1902;moreuil;thibault;pierre;grenot;marie
2;thibault;amédé;m;6/8/1829;moreuil;18/2/1832;moreuil;thibault;pierre;grenot;marie
2;thibault;pierre;m;7/8/1831;moreuil;;;thibault;pierre;grenot;marie
2;thibault;clémence;f;11/7/1829;moreuil;;;thibault;charles;dupont;marguerite
2;thibault;victorine;f;17/1/1831;moreuil;5/5/1831;moreuil;thibault;charles;dupont;marguerite
2;ballin;marie;;10/9/1828;moreuil;;;;;;
3;thibault;charles;;;;;;;;;
3;dupont;marguerite;;;;;;;;;
3;thibault;pierre;;;;;;;;;
3;grenot;marie;;;;;;;;;
3;lambert;jean-baptiste;;;;;;;;;
3;dubuisson;marie;;;;;;;;;
