23;nom;prenom;genre;date_n;lieu_n;date_d;lieu_d;nom_p;prenom_p;nom_m;prenom_m
1;dupont;albert;m;24/5/1998;paris;10/10/2000;marseille;dupont;jean;martin;marie
1;dupont;lucie;f;16/3/1902;toulon;3/1/1972;marseille;dupont;jean;martin;marie
1;dupont;pierre;m;13/6/1899;toulon;9/8/1939;paris;dupont;jean;martin;marie
1;martin;julien;m;7/11/1900;toulon;;;martin;julien;benoit;camille
2;benoit;camille;f;9/8/1875;toulon;20/7/1900;marseille;benoit;pierre;palerme;marie
2;dupont;jean;m;1/2/1865;toulon;2/2/1899;toulon;dupont;albert;durand;jeanne
2;martin;julien;m;28/10/1870;toulon;17/12/1914;marseille;martin;laurent;mathilde;beaulieu
2;martin;marie;f;18/5/1867;toulon;5/11/1902;toulon;martin;laurent;mathilde;beaulieu
2;martin;mathilde;f;23/4/1865;toulon;22/5/1865;toulon;martin;laurent;mathilde;beaulieu
2;benoit;catherine;;9/8/1875;toulon;;;;;;
3;mathilde;beaulieu;;0/0/0;12/12/1832;;;;;;
3;mathilde;beaulieu;f;7/9/1999;paris;;;beaulieu;cesar;arnaud;mathilde
3;dupont;albert;m;19/12/1828;toulon;22/3/1872;toulon;;;;
3;durand;jeanne;f;9/11/1830;toulon;;;;;;
3;martin;laurent;m;25/3/1835;toulon;25/1/1870;toulon;martin;jules;cellier;jeanne
3;palerme;marie;f;;;10/8/1875;toulon;;;;
3;benoit;pierre;;;;;;;;;
4;beaulieu;cesar;m;;;;;;;amelie;beaulieu
4;martin;jules;m;;;;;martin;sebastien;;
4;cellier;jeanne;;;;;;;;;
4;arnaud;mathilde;;;;;;;;;
5;martin;sebastien;;;;;;;;;
5;amelie;beaulieu;;;;;;;;;
