8;nom_m;prenom_m;date_n_m;lieu_n_m;ng;nom_f;prenom_f;date_n_f;lieu_n_f;date_m;lieu_m
1;martin;julien;7/11/1900;toulon;1;dupont;lucie;16/3/1902;toulon;10/2/1927;toulon
2;martin;julien;28/10/1870;toulon;2;benoit;catherine;9/8/1875;toulon;26/2/1898;toulon
2;dupont;jean;1/2/1865;toulon;2;martin;marie;18/5/1867;toulon;31/3/1888;toulon
3;benoit;pierre;;;3;palerme;marie;;;;toulon
3;dupont;albert;19/12/1828;toulon;3;durand;jeanne;9/11/1830;toulon;28/4/1863;toulon
3;martin;laurent;25/3/1835;toulon;3;mathilde;beaulieu;0/0/0;12/12/1832;1/2/1863;marseille
4;beaulieu;cesar;;;4;arnaud;mathilde;;;;
4;martin;jules;;;4;cellier;jeanne;;;;
