20;nom;prenom;genre;date_n;lieu_n;date_d;lieu_d;nom_p;prenom_p;nom_m;prenom_m
1;vaysse;ghislain;m;9/1/1998;carpentras;7/9/2020;caromb;vaysse;pierre;basquin;sylvie
1;vaysse;yann;m;7/9/1999;carpentras;;;vaysse;pierre;basquin;sylvie
2;vaysse;pierre;m;28/8/1971;vervins;;;vaysse;marc;huygues;alice
2;vaysse;roger;m;28/8/1971;vervins;;;vaysse;marc;huygues;alice
2;vaysse;francois;m;28/8/1969;vervins;;;vaysse;laura;;
2;vaysse;fruitshoot;m;28/8/1969;vervins;;;vaysse;laura;;
2;basquin;sylvie;f;1/1/1970;cambrai;;;basquin;claude;cloez;denise
3;vaysse;marc;m;;;1/1/2000;coingt;dylan;bob;leviolet;steve
3;vaysse;laura;f;;;1/2/2001;sollies;dylan;bob;;
3;vaysse;marsupilami;f;;;1/2/2000;coingt;dylan;bob;;
3;huygues;alice;f;;;;;lenoir;frodon;lebleu;sam
3;basquin;claude;m;;;;;;;;
3;cloez;denise;f;;;;;legris;gandalf;rodgers;aaron
4;dylan;bob;m;5/8/1940;paris;;;volleyball;mbappe;;
4;legris;gandalf;m;;;;;;;;
4;rodgers;aaron;m;;;;;;;;
4;leviolet;steve;m;;;;;;;;
4;lenoir;frodon;m;;;;;;;;
4;lebleu;sam;m;;;;;;;;
5;volleyball;mbappe;m;;;;;;;;
